city,type,n_cells,percent_cells,mean_green_percent,mean_area,mean_gyrate,mean_contig,mean_enn,mean_fwei_change_mean,mean_flood_share,mean_pland_flood,mean_np_flood,mean_flood_cohesion,mean_flood_clumpy,mean_flood_lpi,mean_mean_dist_green,mean_min_dist_green,mean_elevation_mean,mean_elevation_min,mean_slope_mean
Delft,Type 1,2074,20.74,6.74739887326803,0.034609389388487205,5.830729681730029,0.21416782762772318,21.630965488216013,-0.056860593610404686,8.466984723138609e-4,0.08466984723138608,0.14705882352941177,8.899528593104113,0.5957025211473739,0.07695528599705628,21.466061153976412,19.885288786614076,-2.580590823874358,-2.7339206866209604,0.2044647273760834
Delft,Type 2,6678,66.78,19.323519096483345,0.056334996406338204,7.882225942130994,0.287151273231048,17.628649590041775,0.017025909732594838,0.23533759713749783,23.533759713749784,2.416292303084756,79.2810869873611,0.8097232477594819,20.699831339354677,24.7210011916372,12.118226888758867,-2.0032932904194607,-2.2036814340880992,0.26399752951469324
Delft,Type 3,59,0.59,37.904772524531666,0.12905740516545602,15.108604012996082,0.5471569832787246,24.27003608820687,0.013193224050583647,0.18627118644067797,18.627118644067796,4.983050847457627,76.72666059081175,0.6933345481343713,11.5,4.391860404511484,0.0847457627118644,-0.49455157302157027,-1.6268270574510098,1.5762453124448865
Delft,Type 4,1189,11.89,75.56989509096543,0.5751641084945333,29.23221472093287,0.7470218866136754,13.265250918864465,0.03941841449825091,0.495091629409942,49.5091629409942,2.0176619007569387,92.19464562318792,0.8166757387511516,45.71458766765526,1.6222845462386255,0.04083409068056012,-1.5217333964040956,-1.9927932431694848,0.5870799047356617
Xi'an,Type 1,1303,13.03,19.354466998169578,0.1224051476367761,14.71703341840823,0.5519784619412468,22.972901621082435,-0.007817507539941504,7.411918868809444e-4,0.07411918868809445,0.24642857142857144,1.2179868079010325,0.4051082562248901,0.07013472093977627,36.62678215943416,36.28890299918083,393.4927221964903,393.1129558384647,0.465785732131698
Xi'an,Type 2,98,0.98,0.056956300525750465,0.003914130232699877,0.7360398229436281,0.03611111111111111,15.58672566233619,0.026902000678551863,0.20282849196927152,20.282849196927152,1.2448979591836735,75.79594563528389,0.9097411777401393,18.87956262837545,65.4701663621299,45.72499981705023,395.98046824396874,395.820444535236,0.21324011117620534
Xi'an,Type 3,7183,71.83,20.816615813036552,0.10408571097502005,14.076628565811049,0.536798854336518,23.86569421230364,0.023687200943613547,0.1543216768864076,15.43216768864076,3.4698593902269246,72.26208415778962,0.726717219940912,11.028396101896806,22.602226982518996,8.649475487252523,400.3745149915463,399.94319998937516,0.5450996675595794
Xi'an,Type 4,1416,14.16,73.06078874986306,0.6610132313531801,33.039874680264674,0.847202391966543,15.895336537700423,0.03636291609597114,0.35292436217893564,35.29243621789356,2.456127628716461,84.65530053184247,0.7805994737007054,31.089669192573563,3.760761050521402,0.3994404078444787,396.476726209152,395.8566869315454,0.763324613881998
